{"cameraMode":{"drawMode":0,"name":"Shaded","section":"Shading Mode"},"sceneLighting":true,"audioPlay":false,"sceneViewState":{"m_AlwaysRefresh":false,"showFog":true,"showSkybox":true,"showFlares":true,"showImageEffects":true,"showParticleSystems":true,"showVisualEffectGraphs":true,"m_FxEnabled":true},"in2DMode":false,"pivot":{"x":-1.3961025476455689,"y":2.9593923091888429,"z":-6.51702880859375},"rotation":{"x":-0.02167409658432007,"y":0.9772780537605286,"z":-0.17027270793914796,"w":-0.12438973039388657},"size":3.2859530448913576,"orthographic":true}