{"cameraMode":{"drawMode":0,"name":"Shaded","section":"Shading Mode"},"sceneLighting":false,"audioPlay":false,"sceneViewState":{"m_AlwaysRefresh":false,"showFog":true,"showSkybox":false,"showFlares":true,"showImageEffects":true,"showParticleSystems":true,"showVisualEffectGraphs":true,"m_FxEnabled":true},"in2DMode":false,"pivot":{"x":0.8878437280654907,"y":3.147747278213501,"z":-10.634820938110352},"rotation":{"x":0.04335542768239975,"y":0.9554650783538818,"z":-0.22926637530326844,"w":0.1806839406490326},"size":0.25980743765830996,"orthographic":true}